title,url
The Ultimate Habit Tracker Guide: Why and How to Track Your Habits,https://jamesclear.com/habit-tracker
Don't Contribute Anything Relevant in Web Forums Like Reddit,https://karl-voit.at/2020/10/23/avoid-web-forums/
A Manifesto for Preserving Content on the Web,https://jeffhuang.com/designed_to_last/
Best aspects of C language,https://blog.joren.ga/programming/best-of-c
Why Japanese Web Design Is So... Different,https://randomwire.com/why-japanese-web-design-is-so-different/
Deep Frozen Arctic Microbes Are Waking Up,https://www.scientificamerican.com/article/deep-frozen-arctic-microbes-are-waking-up/
Our amazing immune system,https://berthub.eu/articles/posts/immune-system/
How I Manage My Random Daily Notes,https://hachibu.net/posts/2020/how-i-manage-my-random-daily-notes/
"7 Benefits of Morning Exercise, Plus 5 Tricks To Actually Love It (even if you hate mornings!)",https://makeyourbodywork.com/benefits-of-morning-exercise/
Practice Guitar Before Going to Bed for Maximum Results,https://rockdojo.org/practice-before-bed-for-maximum-guitar-power/
Benefits of Stretching,https://extension.sdstate.edu/benefits-stretching
Are You Stuck in the Anxiety-Distraction Feedback Loop?,https://hbr.org/2020/05/are-you-stuck-in-the-anxiety-distraction-feedback-loop
For All the Night's Stars,http://skysurvey.org/blog/2011/2/17/for-all-the-nights-stars
